{
  "seed": 3,
  "after_alignment": {
    "asr": 0.011538461538461497
  },
  "baseline_lora": {
    "asr": 0.26538461538461533,
    "gsm8k_acc": 0.11372251705837756
  },
  "olora": {
    "asr": 0.1711538461538461,
    "gsm8k_acc": 0.11220621683093253
  },
  "safety_olora": {
    "asr": 0.16730769230769227,
    "gsm8k_acc": 0.1023502653525398
  }
}