{
  "seed": 2,
  "after_alignment": {
    "asr": 0.011538461538461497
  },
  "baseline_lora": {
    "asr": 0.23076923076923073,
    "gsm8k_acc": 0.13495072024260804
  },
  "olora": {
    "asr": 0.6576923076923077,
    "gsm8k_acc": 0.10993176648976498
  },
  "safety_olora": {
    "asr": 0.8307692307692307,
    "gsm8k_acc": 0.10310841546626232
  }
}