{
  "seed": 4,
  "after_alignment": {
    "asr": 0.011538461538461497
  },
  "baseline_lora": {
    "asr": 0.3096153846153846,
    "gsm8k_acc": 0.1417740712661107
  },
  "olora": {
    "asr": 0.0788461538461539,
    "gsm8k_acc": 0.10386656557998483
  },
  "safety_olora": {
    "asr": 0.0692307692307692,
    "gsm8k_acc": 0.1068991660348749
  }
}