{
  "seed": 2,
  "method": "clora_safety",
  "task_order": [
    "gsm8k",
    "sst2"
  ],
  "stages": [
    {
      "label": "T1 aligned (before chain)",
      "asr": 0.011538461538461497,
      "gsm8k_acc": 0.0356330553449583,
      "sst2_acc": 0.5114678899082569
    },
    {
      "label": "After T2_GSM8K",
      "asr": 0.05769230769230771,
      "gsm8k_acc": 0.11599696739954511,
      "sst2_acc": 0.7259174311926605
    },
    {
      "label": "After T3_SST2",
      "asr": 0.5096153846153846,
      "gsm8k_acc": 0.04700530705079606,
      "sst2_acc": 0.9013761467889908
    }
  ]
}