{
  "seed": 3,
  "method": "clora_safety",
  "task_order": [
    "gsm8k",
    "sst2"
  ],
  "stages": [
    {
      "label": "T1 aligned (before chain)",
      "asr": 0.011538461538461497,
      "gsm8k_acc": 0.0356330553449583,
      "sst2_acc": 0.5114678899082569
    },
    {
      "label": "After T2_GSM8K",
      "asr": 0.017307692307692357,
      "gsm8k_acc": 0.10993176648976498,
      "sst2_acc": 0.573394495412844
    },
    {
      "label": "After T3_SST2",
      "asr": 0.4346153846153846,
      "gsm8k_acc": 0.060652009097801364,
      "sst2_acc": 0.9128440366972477
    }
  ]
}