{
  "seed": 2,
  "after_alignment": {
    "asr": 0.009615384615384581
  },
  "baseline_lora": {
    "asr": 0.23461538461538467,
    "gsm8k_acc": 0.13115996967399546
  },
  "clora_random": {
    "asr": 0.013461538461538414,
    "gsm8k_acc": 0.12357846853677028
  },
  "safety-clora_\u03b3=0,_no_kl": {
    "asr": 0.06346153846153846,
    "gsm8k_acc": 0.11372251705837756
  }
}