{
  "seed": 4,
  "after_alignment": {
    "asr": 0.009615384615384581
  },
  "baseline_lora": {
    "asr": 0.30192307692307696,
    "gsm8k_acc": 0.1372251705837756
  },
  "clora_random": {
    "asr": 0.03076923076923077,
    "gsm8k_acc": 0.10917361637604246
  },
  "safety-clora_\u03b3=0,_no_kl": {
    "asr": 0.11730769230769234,
    "gsm8k_acc": 0.12282031842304776
  }
}