{
  "seed": 3,
  "after_alignment": {
    "asr": 0.009615384615384581
  },
  "baseline_lora": {
    "asr": 0.2596153846153846,
    "gsm8k_acc": 0.1152388172858226
  },
  "clora_random": {
    "asr": 0.09615384615384615,
    "gsm8k_acc": 0.09931766489764973
  },
  "safety-clora_\u03b3=0,_no_kl": {
    "asr": 0.02692307692307694,
    "gsm8k_acc": 0.10614101592115238
  }
}