{
  "method": "olora_standard",
  "lam": 0.05,
  "lam_cap": 0.01,
  "asr": 0.5961538461538461,
  "gsm8k_acc": 0.21986353297952996,
  "final_ratio": 0.04429244227526986,
  "final_epoch_mean_task_loss": 0.358259790956974,
  "final_epoch_mean_penalty": 0.015868201110512018,
  "seed": 42,
  "base_model": "meta-llama/Llama-3.2-3B-Instruct",
  "epochs": 3
}