{
  "method": "clora_safety",
  "lam": 0.1,
  "lam_cap": 0.01,
  "asr": 0.1807692307692308,
  "gsm8k_acc": 0.24639878695981804,
  "final_ratio": 0.6031306725226255,
  "final_epoch_mean_task_loss": 0.3529630015492439,
  "final_epoch_mean_penalty": 0.2128828125,
  "seed": 42,
  "base_model": "meta-llama/Llama-3.2-3B-Instruct",
  "epochs": 3
}