{
  "seed": 42,
  "base_model": "meta-llama/Llama-2-7b-hf",
  "after_alignment": {
    "asr": 0.005769230769230749
  },
  "baseline_lora": {
    "asr": NaN,
    "gsm8k_acc": NaN
  },
  "clora_random": {
    "asr": 0.7076923076923076,
    "gsm8k_acc": 0.06899166034874905
  },
  "safety_clora": {
    "asr": NaN,
    "gsm8k_acc": NaN
  },
  "olora": {
    "asr": 0.9096153846153846,
    "gsm8k_acc": 0.052312357846853674
  },
  "safety_olora": {
    "asr": NaN,
    "gsm8k_acc": NaN
  }
}