{
  "method": "clora_random",
  "lam": 0.2,
  "lam_cap": 0.01,
  "asr": 0.49230769230769234,
  "gsm8k_acc": 0.25928733889310085,
  "final_ratio": 1.120959825198641,
  "final_epoch_mean_task_loss": 0.3570531061887741,
  "final_epoch_mean_penalty": 0.4002421875,
  "seed": 42,
  "base_model": "meta-llama/Llama-3.2-3B-Instruct",
  "epochs": 3
}