{
  "method": "clora_safety",
  "lam": 0.05,
  "lam_cap": 0.01,
  "asr": 0.1384615384615384,
  "gsm8k_acc": 0.24336618650492797,
  "final_ratio": 0.3249243749389672,
  "final_epoch_mean_task_loss": 0.3510853006839752,
  "final_epoch_mean_penalty": 0.114076171875,
  "seed": 42,
  "base_model": "meta-llama/Llama-3.2-3B-Instruct",
  "epochs": 3
}