{
  "method": "olora_safety",
  "lam": 1.0,
  "lam_cap": 0.01,
  "asr": 0.33653846153846156,
  "gsm8k_acc": 0.2357846853677028,
  "final_ratio": 0.3141905115198117,
  "final_epoch_mean_task_loss": 0.3611045888662338,
  "final_epoch_mean_penalty": 0.1134556354880333,
  "seed": 42,
  "base_model": "meta-llama/Llama-3.2-3B-Instruct",
  "epochs": 3
}