{
  "method": "olora_safety",
  "lam": 0.5,
  "lam_cap": 0.01,
  "asr": 0.4884615384615385,
  "gsm8k_acc": 0.2221379833206975,
  "final_ratio": 0.2005212292711408,
  "final_epoch_mean_task_loss": 0.3594076138436794,
  "final_epoch_mean_penalty": 0.07206885653734207,
  "seed": 42,
  "base_model": "meta-llama/Llama-3.2-3B-Instruct",
  "epochs": 3
}