{
  "seed": 42,
  "base_model": "meta-llama/Llama-2-7b-hf",
  "after_alignment": {
    "asr": 0.005769230769230749
  },
  "baseline_lora": {
    "asr": NaN,
    "gsm8k_acc": NaN
  },
  "clora_random": {
    "asr": 0.601923076923077,
    "gsm8k_acc": 0.07505686125852919
  },
  "safety_clora": {
    "asr": NaN,
    "gsm8k_acc": NaN
  },
  "olora": {
    "asr": 0.9980769230769231,
    "gsm8k_acc": 0.04624715693707354
  },
  "safety_olora": {
    "asr": NaN,
    "gsm8k_acc": NaN
  }
}