{
  "method": "olora_standard",
  "lam": 0.1,
  "lam_cap": 0.01,
  "asr": 0.32499999999999996,
  "gsm8k_acc": 0.221379833206975,
  "final_ratio": 0.0688637864450756,
  "final_epoch_mean_task_loss": 0.36190028619766235,
  "final_epoch_mean_penalty": 0.024921824023127558,
  "seed": 42,
  "base_model": "meta-llama/Llama-3.2-3B-Instruct",
  "epochs": 3
}