{
  "method": "clora_random",
  "lam": 0.1,
  "lam_cap": 0.01,
  "asr": 0.42307692307692313,
  "gsm8k_acc": 0.25246398786959817,
  "final_ratio": 0.5906491287904675,
  "final_epoch_mean_task_loss": 0.3565065996646881,
  "final_epoch_mean_penalty": 0.2105703125,
  "seed": 42,
  "base_model": "meta-llama/Llama-3.2-3B-Instruct",
  "epochs": 3
}