{
  "seed": 42,
  "method": "clora_random",
  "base_model": "meta-llama/Llama-3.2-3B-Instruct",
  "task_order": ["gsm8k", "sst2", "mbpp"],
  "slurm_job": 8776619,
  "stages": [
    {
      "label": "T1 aligned (before chain)",
      "asr": 0.021153846153846197,
      "gsm8k_acc": 0.054,
      "sst2_acc": 0.747,
      "mbpp_acc": 0.02
    },
    {
      "label": "After T2_GSM8K",
      "asr": 0.07884615384615385,
      "gsm8k_acc": 0.26,
      "sst2_acc": 0.689,
      "mbpp_acc": 0.02
    },
    {
      "label": "After T3_SST2",
      "asr": 0.07115384615384616,
      "gsm8k_acc": 0.117,
      "sst2_acc": 0.938,
      "mbpp_acc": 0.01
    },
    {
      "label": "After T4_MBPP",
      "asr": 0.08653846153846154,
      "gsm8k_acc": 0.144,
      "sst2_acc": 0.946,
      "mbpp_acc": 0.13
    }
  ]
}
