{
  "method": "clora_safety",
  "lam": 0.2,
  "lam_cap": 0.01,
  "asr": 0.15000000000000002,
  "gsm8k_acc": 0.24715693707354056,
  "final_ratio": 1.1512672914346838,
  "final_epoch_mean_task_loss": 0.35084299319982526,
  "final_epoch_mean_penalty": 0.4039140625,
  "seed": 42,
  "base_model": "meta-llama/Llama-3.2-3B-Instruct",
  "epochs": 3
}