{
  "seed": 42,
  "method": "lora",
  "task_order": [
    "gsm8k",
    "sst2"
  ],
  "stages": [
    {
      "label": "T1 aligned (before chain)",
      "asr": 0.011538461538461497,
      "gsm8k_acc": 0.0356330553449583,
      "sst2_acc": 0.5114678899082569
    },
    {
      "label": "After T2_GSM8K",
      "asr": 0.40192307692307694,
      "gsm8k_acc": 0.13419257012888552,
      "sst2_acc": 0.7637614678899083
    },
    {
      "label": "After T3_SST2",
      "asr": 0.023076923076923106,
      "gsm8k_acc": 0.11827141774071266,
      "sst2_acc": 0.9208715596330275
    }
  ]
}