{
  "seed": 42,
  "method": "clora_random",
  "task_order": [
    "gsm8k",
    "sst2"
  ],
  "stages": [
    {
      "label": "T1 aligned (before chain)",
      "asr": 0.011538461538461497,
      "gsm8k_acc": 0.0356330553449583,
      "sst2_acc": 0.5114678899082569
    },
    {
      "label": "After T2_GSM8K",
      "asr": 0.02692307692307694,
      "gsm8k_acc": 0.12282031842304776,
      "sst2_acc": 0.5275229357798165
    },
    {
      "label": "After T3_SST2",
      "asr": 0.3192307692307692,
      "gsm8k_acc": 0.09021986353297953,
      "sst2_acc": 0.8922018348623854
    }
  ]
}