{
  "seed": 42,
  "method": "olora_safety",
  "task_order": [
    "gsm8k",
    "sst2"
  ],
  "stages": [
    {
      "label": "T1 aligned (before chain)",
      "asr": 0.011538461538461497,
      "gsm8k_acc": 0.0356330553449583,
      "sst2_acc": 0.5114678899082569
    },
    {
      "label": "After T2_GSM8K",
      "asr": 0.0461538461538461,
      "gsm8k_acc": 0.09704321455648218,
      "sst2_acc": 0.7821100917431193
    },
    {
      "label": "After T3_SST2",
      "asr": 0.8153846153846154,
      "gsm8k_acc": 0.013646702047005308,
      "sst2_acc": 0.875
    }
  ]
}