{
  "seed": 42,
  "after_alignment": {
    "asr": 0.011538461538461497
  },
  "baseline_lora": {
    "asr": 0.3730769230769231,
    "gsm8k_acc": 0.133434420015163
  },
  "olora": {
    "asr": 0.13076923076923075,
    "gsm8k_acc": 0.11144806671721001
  },
  "safety_olora": {
    "asr": 0.06153846153846154,
    "gsm8k_acc": 0.11599696739954511
  }
}