{
  "seed": 42,
  "after_alignment": {
    "asr": 0.011538461538461497
  },
  "baseline_lora": {
    "asr": 0.3730769230769231,
    "gsm8k_acc": 0.133434420015163
  },
  "clora_random": {
    "asr": 0.03076923076923077,
    "gsm8k_acc": 0.11296436694465505
  },
  "safety-clora": {
    "asr": 0.0692307692307692,
    "gsm8k_acc": 0.10765731614859743
  }
}